"Year","Country","Value"
1970,"Australia",32.75348182
1970,"Austria",30.935123
1970,"Belgium",32.0303888
1970,"Canada",22.79827837
1970,"Switzerland",38.05654361
1970,"Chile",17.09867222
1970,"Colombia",18.9480899
1970,"Costa Rica",13.79262514
1970,"Germany",28.536885
1970,"Denmark",23.91350321
1970,"Spain",26.46856532
1970,"Estonia",NA
1970,"Finland",31.48549946
1970,"France",29.19370411
1970,"United Kingdom",16.26051863
1970,"Greece",25.09441111
1970,"Hungary",NA
1970,"Ireland",13.620497
1970,"Iceland",28.67055016
1970,"Israel",13.88035826
1970,"Italy",26.59195871
1970,"Japan",43.28190904
1970,"Lithuania",NA
1970,"Luxembourg",42.61050947
1970,"Latvia",NA
1970,"Mexico",20.77364865
1970,"Netherlands",29.72689834
1970,"Norway",32.28340435
1970,"New Zealand",20.9441328
1970,"Poland",NA
1970,"Portugal",22.61479753
1970,"Slovenia",NA
1970,"Sweden",29.40339555
1970,"United States",21.78257212
1970,"OECD members",25.70164012
1971,"Australia",31.66224952
1971,"Austria",30.65976067
1971,"Belgium",30.62341128
1971,"Canada",22.80871488
1971,"Switzerland",38.39625042
1971,"Chile",13.47073115
1971,"Colombia",15.36507448
1971,"Costa Rica",14.0254973
1971,"Germany",27.26585724
1971,"Denmark",23.88664487
1971,"Spain",26.10106426
1971,"Estonia",NA
1971,"Finland",31.42951792
1971,"France",28.86557732
1971,"United Kingdom",15.68878245
1971,"Greece",26.77925945
1971,"Hungary",NA
1971,"Ireland",13.8560152
1971,"Iceland",28.57765322
1971,"Israel",19.65072068
1971,"Italy",24.98792869
1971,"Japan",41.42835512
1971,"Lithuania",NA
1971,"Luxembourg",37.36316531
1971,"Latvia",NA
1971,"Mexico",19.16063265
1971,"Netherlands",30.07718273
1971,"Norway",31.60344811
1971,"New Zealand",23.28227571
1971,"Poland",NA
1971,"Portugal",20.60656192
1971,"Slovenia",NA
1971,"Sweden",28.59112277
1971,"United States",21.97304374
1971,"OECD members",25.30953115
1972,"Australia",31.00924845
1972,"Austria",31.44117627
1972,"Belgium",30.1524641
1972,"Canada",22.73624434
1972,"Switzerland",38.3517681
1972,"Chile",8.674959868
1972,"Colombia",18.58354341
1972,"Costa Rica",15.64911512
1972,"Germany",26.28865956
1972,"Denmark",26.29967671
1972,"Spain",26.63288143
1972,"Estonia",NA
1972,"Finland",30.89104792
1972,"France",28.9768981
1972,"United Kingdom",14.47836571
1972,"Greece",29.91623318
1972,"Hungary",NA
1972,"Ireland",16.93019088
1972,"Iceland",28.29274151
1972,"Israel",24.09924831
1972,"Italy",24.13804395
1972,"Japan",40.76994256
1972,"Lithuania",NA
1972,"Luxembourg",38.46690654
1972,"Latvia",NA
1972,"Mexico",19.5919115
1972,"Netherlands",30.29834398
1972,"Norway",31.90832619
1972,"New Zealand",24.32672764
1972,"Poland",NA
1972,"Portugal",24.7622113
1972,"Slovenia",NA
1972,"Sweden",28.07098359
1972,"United States",22.31700167
1972,"OECD members",25.61021617
1973,"Australia",30.96824696
1973,"Austria",31.45497768
1973,"Belgium",29.48309563
1973,"Canada",24.85061185
1973,"Switzerland",37.75259275
1973,"Chile",6.056861923
1973,"Colombia",20.53010364
1973,"Costa Rica",17.91998034
1973,"Germany",26.07930312
1973,"Denmark",25.64777207
1973,"Spain",26.93937996
1973,"Estonia",NA
1973,"Finland",32.45722296
1973,"France",29.51550697
1973,"United Kingdom",15.25100389
1973,"Greece",34.10377036
1973,"Hungary",NA
1973,"Ireland",17.22984857
1973,"Iceland",31.82527196
1973,"Israel",13.99029774
1973,"Italy",24.78459784
1973,"Japan",40.9452768
1973,"Lithuania",NA
1973,"Luxembourg",43.25674892
1973,"Latvia",NA
1973,"Mexico",20.34503618
1973,"Netherlands",30.34361425
1973,"Norway",32.81663691
1973,"New Zealand",25.61678078
1973,"Poland",NA
1973,"Portugal",24.61908911
1973,"Slovenia",NA
1973,"Sweden",28.53333676
1973,"United States",23.62015356
1973,"OECD members",26.7279495
1974,"Australia",32.04777761
1974,"Austria",30.9904111
1974,"Belgium",29.7383743
1974,"Canada",25.82284698
1974,"Switzerland",36.93331468
1974,"Chile",21.82926755
1974,"Colombia",20.36546479
1974,"Costa Rica",11.76101086
1974,"Germany",24.91548998
1974,"Denmark",23.5952484
1974,"Spain",25.88300257
1974,"Estonia",NA
1974,"Finland",33.99530196
1974,"France",28.75485925
1974,"United Kingdom",11.31508114
1974,"Greece",27.65614779
1974,"Hungary",NA
1974,"Ireland",11.43274844
1974,"Iceland",27.93012302
1974,"Israel",14.62815167
1974,"Italy",26.21119202
1974,"Japan",39.22480887
1974,"Lithuania",NA
1974,"Luxembourg",45.59282006
1974,"Latvia",NA
1974,"Mexico",21.04308889
1974,"Netherlands",31.76305921
1974,"Norway",33.81655683
1974,"New Zealand",21.78041543
1974,"Poland",NA
1974,"Portugal",15.75706907
1974,"Slovenia",NA
1974,"Sweden",27.55100834
1974,"United States",22.64219932
1974,"OECD members",25.90094689
1975,"Australia",27.33383855
1975,"Austria",26.81774569
1975,"Belgium",26.26951557
1975,"Canada",22.88740167
1975,"Switzerland",33.83817985
1975,"Chile",11.13104343
1975,"Colombia",18.79819702
1975,"Costa Rica",13.155326
1975,"Germany",21.36156767
1975,"Denmark",21.52104472
1975,"Spain",25.183587
1975,"Estonia",NA
1975,"Finland",30.27911086
1975,"France",26.64106612
1975,"United Kingdom",9.31287589
1975,"Greece",26.13943364
1975,"Hungary",NA
1975,"Ireland",14.36629752
1975,"Iceland",28.43291634
1975,"Israel",11.43427943
1975,"Italy",24.20996772
1975,"Japan",35.46870289
1975,"Lithuania",NA
1975,"Luxembourg",31.21884375
1975,"Latvia",NA
1975,"Mexico",20.96212727
1975,"Netherlands",27.71072768
1975,"Norway",31.66326252
1975,"New Zealand",19.72251493
1975,"Poland",NA
1975,"Portugal",10.57965316
1975,"Slovenia",NA
1975,"Sweden",28.44337978
1975,"United States",21.22566033
1975,"OECD members",23.67353005
1976,"Australia",26.34224766
1976,"Austria",25.93967876
1976,"Belgium",26.28759651
1976,"Canada",23.75096889
1976,"Switzerland",32.24139508
1976,"Chile",17.11021599
1976,"Colombia",20.71392338
1976,"Costa Rica",17.66043065
1976,"Germany",21.98494592
1976,"Denmark",20.89031977
1976,"Spain",22.92559231
1976,"Estonia",NA
1976,"Finland",28.75447011
1976,"France",26.36536682
1976,"United Kingdom",10.78855465
1976,"Greece",27.88569922
1976,"Hungary",NA
1976,"Ireland",14.56033691
1976,"Iceland",30.66855796
1976,"Israel",13.54049406
1976,"Italy",25.80625676
1976,"Japan",35.39282485
1976,"Lithuania",NA
1976,"Luxembourg",32.49453969
1976,"Latvia",NA
1976,"Mexico",20.91345733
1976,"Netherlands",27.21482674
1976,"Norway",30.52993336
1976,"New Zealand",24.69206531
1976,"Poland",NA
1976,"Portugal",13.80739165
1976,"Slovenia",NA
1976,"Sweden",26.31858212
1976,"United States",21.95133799
1976,"OECD members",24.20771267
1977,"Australia",25.8500078
1977,"Austria",25.24158447
1977,"Belgium",24.87548649
1977,"Canada",22.79408386
1977,"Switzerland",31.59855331
1977,"Chile",12.62257664
1977,"Colombia",22.41892437
1977,"Costa Rica",18.80390417
1977,"Germany",21.73302758
1977,"Denmark",20.84607534
1977,"Spain",23.36085434
1977,"Estonia",NA
1977,"Finland",27.84233597
1977,"France",26.2939768
1977,"United Kingdom",13.60081158
1977,"Greece",24.2788868
1977,"Hungary",NA
1977,"Ireland",15.97362228
1977,"Iceland",30.70047736
1977,"Israel",17.21097717
1977,"Italy",25.78969163
1977,"Japan",35.25913563
1977,"Lithuania",NA
1977,"Luxembourg",28.56497482
1977,"Latvia",NA
1977,"Mexico",22.92839913
1977,"Netherlands",25.57754131
1977,"Norway",29.00555737
1977,"New Zealand",23.49932877
1977,"Poland",NA
1977,"Portugal",16.50718761
1977,"Slovenia",NA
1977,"Sweden",23.41287041
1977,"United States",22.41695512
1977,"OECD members",24.43738468
1978,"Australia",24.33680123
1978,"Austria",26.45295775
1978,"Belgium",24.34438764
1978,"Canada",22.89722634
1978,"Switzerland",32.33824291
1978,"Chile",14.46802505
1978,"Colombia",21.11168164
1978,"Costa Rica",15.61109886
1978,"Germany",22.19648106
1978,"Denmark",20.92217456
1978,"Spain",24.05690656
1978,"Estonia",NA
1978,"Finland",28.19074308
1978,"France",26.14286078
1978,"United Kingdom",14.66981155
1978,"Greece",24.38379644
1978,"Hungary",NA
1978,"Ireland",16.30637956
1978,"Iceland",29.37224992
1978,"Israel",15.26834713
1978,"Italy",26.42122061
1978,"Japan",35.47443191
1978,"Lithuania",NA
1978,"Luxembourg",30.30033954
1978,"Latvia",NA
1978,"Mexico",23.01967052
1978,"Netherlands",24.84734247
1978,"Norway",30.29968797
1978,"New Zealand",22.47038917
1978,"Poland",NA
1978,"Portugal",20.46870099
1978,"Slovenia",NA
1978,"Sweden",23.27850066
1978,"United States",23.75307185
1978,"OECD members",25.33378882
1979,"Australia",25.99092233
1979,"Austria",26.94336245
1979,"Belgium",22.8733387
1979,"Canada",24.83427981
1979,"Switzerland",31.62995739
1979,"Chile",14.95894826
1979,"Colombia",19.92232614
1979,"Costa Rica",15.04348929
1979,"Germany",21.98164559
1979,"Denmark",20.73432841
1979,"Spain",22.96556624
1979,"Estonia",NA
1979,"Finland",29.67546616
1979,"France",26.00862986
1979,"United Kingdom",14.94944837
1979,"Greece",24.69377439
1979,"Hungary",NA
1979,"Ireland",13.70034179
1979,"Iceland",27.84817575
1979,"Israel",17.23388631
1979,"Italy",25.88522002
1979,"Japan",34.50819673
1979,"Lithuania",NA
1979,"Luxembourg",30.0344436
1979,"Latvia",NA
1979,"Mexico",24.70029335
1979,"Netherlands",24.44754566
1979,"Norway",30.93132937
1979,"New Zealand",22.8256668
1979,"Poland",NA
1979,"Portugal",21.00515273
1979,"Slovenia",NA
1979,"Sweden",23.6107618
1979,"United States",24.2530353
1979,"OECD members",25.20758997
1980,"Australia",26.87536215
1980,"Austria",26.24901502
1980,"Belgium",22.42941347
1980,"Canada",24.87722764
1980,"Switzerland",31.90901392
1980,"Chile",16.86063065
1980,"Colombia",19.68951258
1980,"Costa Rica",16.23359377
1980,"Germany",20.75128882
1980,"Denmark",19.69404303
1980,"Spain",21.09042441
1980,"Estonia",NA
1980,"Finland",30.42186572
1980,"France",24.87192559
1980,"United Kingdom",14.02991974
1980,"Greece",23.15951006
1980,"Hungary",NA
1980,"Ireland",11.33060723
1980,"Iceland",28.6085723
1980,"Israel",16.93229531
1980,"Italy",24.42256146
1980,"Japan",34.23539661
1980,"Lithuania",NA
1980,"Luxembourg",28.44986556
1980,"Latvia",NA
1980,"Mexico",28.83926685
1980,"Netherlands",25.03792166
1980,"Norway",34.31266279
1980,"New Zealand",20.85028647
1980,"Poland",NA
1980,"Portugal",20.2946315
1980,"Slovenia",NA
1980,"Sweden",23.98283841
1980,"United States",22.85333708
1980,"OECD members",24.17783428
1981,"Australia",26.18403781
1981,"Austria",24.81873082
1981,"Belgium",19.63383447
1981,"Canada",25.86179749
1981,"Switzerland",31.95395452
1981,"Chile",11.81509
1981,"Colombia",17.05707108
1981,"Costa Rica",24.11882517
1981,"Germany",19.65200911
1981,"Denmark",18.49741112
1981,"Spain",19.67552212
1981,"Estonia",NA
1981,"Finland",29.8494522
1981,"France",22.60795119
1981,"United Kingdom",13.20065258
1981,"Greece",20.49059943
1981,"Hungary",NA
1981,"Ireland",11.1415403
1981,"Iceland",26.90741726
1981,"Israel",14.08479736
1981,"Italy",23.03571691
1981,"Japan",34.6110695
1981,"Lithuania",NA
1981,"Luxembourg",25.72779257
1981,"Latvia",NA
1981,"Mexico",28.79792284
1981,"Netherlands",26.21454576
1981,"Norway",34.97217907
1981,"New Zealand",23.26104746
1981,"Poland",NA
1981,"Portugal",17.65142878
1981,"Slovenia",NA
1981,"Sweden",22.66692005
1981,"United States",23.88647354
1981,"OECD members",24.33762969
1982,"Australia",26.19185716
1982,"Austria",24.24727213
1982,"Belgium",19.16458902
1982,"Canada",23.4194873
1982,"Switzerland",31.64252802
1982,"Chile",9.050556611
1982,"Colombia",16.20903873
1982,"Costa Rica",27.60511962
1982,"Germany",20.05234156
1982,"Denmark",19.25319257
1982,"Spain",19.82100583
1982,"Estonia",NA
1982,"Finland",28.76004861
1982,"France",21.80306009
1982,"United Kingdom",13.30807899
1982,"Greece",20.61191129
1982,"Hungary",NA
1982,"Ireland",17.61271938
1982,"Iceland",24.95193168
1982,"Israel",16.53628514
1982,"Italy",22.78939203
1982,"Japan",33.39076895
1982,"Lithuania",NA
1982,"Luxembourg",27.29389109
1982,"Latvia",NA
1982,"Mexico",32.1746302
1982,"Netherlands",25.66097269
1982,"Norway",33.81858653
1982,"New Zealand",22.75604316
1982,"Poland",NA
1982,"Portugal",17.91111329
1982,"Slovenia",NA
1982,"Sweden",22.02579531
1982,"United States",21.47273647
1982,"OECD members",23.14798219
1983,"Australia",22.28346374
1983,"Austria",23.03222989
1983,"Belgium",18.97983063
1983,"Canada",23.11210588
1983,"Switzerland",30.49307294
1983,"Chile",13.99674932
1983,"Colombia",17.11242816
1983,"Costa Rica",23.43613221
1983,"Germany",20.19540026
1983,"Denmark",20.65235647
1983,"Spain",20.01423493
1983,"Estonia",NA
1983,"Finland",28.61153008
1983,"France",21.90980033
1983,"United Kingdom",13.42255442
1983,"Greece",18.7288588
1983,"Hungary",NA
1983,"Ireland",18.2312343
1983,"Iceland",24.81380673
1983,"Israel",17.85639645
1983,"Italy",23.11863182
1983,"Japan",32.96181704
1983,"Lithuania",NA
1983,"Luxembourg",28.61139507
1983,"Latvia",NA
1983,"Mexico",33.58773596
1983,"Netherlands",25.51326717
1983,"Norway",34.16448537
1983,"New Zealand",24.96147503
1983,"Poland",NA
1983,"Portugal",17.79910768
1983,"Slovenia",NA
1983,"Sweden",24.26064078
1983,"United States",20.83192306
1983,"OECD members",22.91108471
1984,"Australia",24.86698207
1984,"Austria",24.08019987
1984,"Belgium",20.15375727
1984,"Canada",24.22476006
1984,"Switzerland",31.86780831
1984,"Chile",16.80742271
1984,"Colombia",18.38580464
1984,"Costa Rica",23.109927
1984,"Germany",20.59657112
1984,"Denmark",22.35628875
1984,"Spain",21.6653513
1984,"Estonia",NA
1984,"Finland",29.25414468
1984,"France",21.82231385
1984,"United Kingdom",13.63443331
1984,"Greece",20.72547464
1984,"Hungary",NA
1984,"Ireland",19.73832298
1984,"Iceland",24.76124899
1984,"Israel",18.47726877
1984,"Italy",23.24137439
1984,"Japan",33.71882191
1984,"Lithuania",NA
1984,"Luxembourg",30.41876553
1984,"Latvia",NA
1984,"Mexico",31.07304716
1984,"Netherlands",27.92433326
1984,"Norway",36.27049909
1984,"New Zealand",25.34162977
1984,"Poland",NA
1984,"Portugal",16.66416949
1984,"Slovenia",NA
1984,"Sweden",26.45057035
1984,"United States",22.55156698
1984,"OECD members",24.09746625
1985,"Australia",25.83661355
1985,"Austria",23.97699132
1985,"Belgium",19.89303397
1985,"Canada",23.82531343
1985,"Switzerland",32.40292841
1985,"Chile",20.18290863
1985,"Colombia",20.32335438
1985,"Costa Rica",24.13624104
1985,"Germany",21.28805113
1985,"Denmark",22.94746099
1985,"Spain",21.66777682
1985,"Estonia",NA
1985,"Finland",28.21124946
1985,"France",21.22008321
1985,"United Kingdom",14.70344996
1985,"Greece",21.02730389
1985,"Hungary",NA
1985,"Ireland",19.11619547
1985,"Iceland",22.61980371
1985,"Israel",17.88167923
1985,"Italy",23.1163482
1985,"Japan",34.35379396
1985,"Lithuania",NA
1985,"Luxembourg",29.34043203
1985,"Latvia",NA
1985,"Mexico",30.31400126
1985,"Netherlands",27.24861439
1985,"Norway",34.71964893
1985,"New Zealand",23.79531182
1985,"Poland",NA
1985,"Portugal",18.9329995
1985,"Slovenia",NA
1985,"Sweden",26.3662816
1985,"United States",21.56057911
1985,"OECD members",23.84756316
1986,"Australia",24.68346909
1986,"Austria",24.56108958
1986,"Belgium",20.89789988
1986,"Canada",22.43206806
1986,"Switzerland",32.72615742
1986,"Chile",21.94352554
1986,"Colombia",24.84501962
1986,"Costa Rica",26.05551236
1986,"Germany",22.86730991
1986,"Denmark",23.65928344
1986,"Spain",22.64799355
1986,"Estonia",NA
1986,"Finland",27.89744081
1986,"France",22.07244433
1986,"United Kingdom",12.77050335
1986,"Greece",21.3046425
1986,"Hungary",NA
1986,"Ireland",18.55503234
1986,"Iceland",23.9328733
1986,"Israel",18.85790015
1986,"Italy",23.41582694
1986,"Japan",34.76149118
1986,"Lithuania",NA
1986,"Luxembourg",32.7929226
1986,"Latvia",NA
1986,"Mexico",25.39021931
1986,"Netherlands",27.71608794
1986,"Norway",29.50686702
1986,"New Zealand",25.61040843
1986,"Poland",NA
1986,"Portugal",21.87078203
1986,"Slovenia",NA
1986,"Sweden",26.3136406
1986,"United States",20.86115672
1986,"OECD members",24.09491788
1987,"Australia",24.27976785
1987,"Austria",24.70573818
1987,"Belgium",21.39188766
1987,"Canada",23.49948462
1987,"Switzerland",32.79867446
1987,"Chile",25.11317997
1987,"Colombia",24.03127779
1987,"Costa Rica",22.98731889
1987,"Germany",22.23618207
1987,"Denmark",24.08620893
1987,"Spain",22.13871854
1987,"Estonia",NA
1987,"Finland",27.52238012
1987,"France",21.55226548
1987,"United Kingdom",14.16001404
1987,"Greece",16.65758884
1987,"Hungary",NA
1987,"Ireland",20.32381409
1987,"Iceland",21.36639451
1987,"Israel",15.44290362
1987,"Italy",22.92379808
1987,"Japan",34.77572715
1987,"Lithuania",NA
1987,"Luxembourg",31.12199138
1987,"Latvia",NA
1987,"Mexico",29.05351478
1987,"Netherlands",26.41350577
1987,"Norway",29.28092818
1987,"New Zealand",24.96320599
1987,"Poland",NA
1987,"Portugal",22.80880032
1987,"Slovenia",NA
1987,"Sweden",26.00924132
1987,"United States",20.63848872
1987,"OECD members",24.07549107
1988,"Australia",26.61299764
1988,"Austria",25.45345946
1988,"Belgium",24.0553809
1988,"Canada",24.41018737
1988,"Switzerland",33.80995439
1988,"Chile",29.72654561
1988,"Colombia",24.4192739
1988,"Costa Rica",22.67940898
1988,"Germany",22.96975855
1988,"Denmark",24.53402561
1988,"Spain",23.06977041
1988,"Estonia",NA
1988,"Finland",29.58453376
1988,"France",22.98508627
1988,"United Kingdom",14.54690279
1988,"Greece",18.35292094
1988,"Hungary",NA
1988,"Ireland",22.04633444
1988,"Iceland",21.63660973
1988,"Israel",17.51699439
1988,"Italy",22.99749912
1988,"Japan",35.97131965
1988,"Lithuania",NA
1988,"Luxembourg",33.4113174
1988,"Latvia",NA
1988,"Mexico",23.30908973
1988,"Netherlands",27.91546661
1988,"Norway",29.79698351
1988,"New Zealand",24.37229993
1988,"Poland",NA
1988,"Portugal",22.45220062
1988,"Slovenia",NA
1988,"Sweden",26.75250113
1988,"United States",20.738735
1988,"OECD members",24.91913257
1989,"Australia",28.19349408
1989,"Austria",26.10421308
1989,"Belgium",25.33274811
1989,"Canada",23.77307807
1989,"Switzerland",34.51965411
1989,"Chile",29.7804556
1989,"Colombia",24.15925913
1989,"Costa Rica",22.70534645
1989,"Germany",23.83354914
1989,"Denmark",25.12281184
1989,"Spain",22.29154913
1989,"Estonia",NA
1989,"Finland",30.31231077
1989,"France",23.85831091
1989,"United Kingdom",15.59420524
1989,"Greece",16.47200216
1989,"Hungary",NA
1989,"Ireland",23.69382366
1989,"Iceland",22.7278373
1989,"Israel",18.56286191
1989,"Italy",22.68313366
1989,"Japan",36.18835317
1989,"Lithuania",NA
1989,"Luxembourg",36.4564601
1989,"Latvia",NA
1989,"Mexico",22.32899267
1989,"Netherlands",29.10987872
1989,"Norway",30.86972719
1989,"New Zealand",23.52314989
1989,"Poland",NA
1989,"Portugal",22.50711485
1989,"Slovenia",NA
1989,"Sweden",27.75565331
1989,"United States",20.97628678
1989,"OECD members",25.09987634
1990,"Australia",27.6748628
1990,"Austria",26.38111497
1990,"Belgium",25.5875054
1990,"Canada",21.54015595
1990,"Switzerland",35.12721198
1990,"Chile",28.38218447
1990,"Colombia",23.55425822
1990,"Costa Rica",20.4182134
1990,"Germany",24.99900367
1990,"Denmark",26.34995
1990,"Spain",22.4327658
1990,"Estonia",NA
1990,"Finland",29.07743723
1990,"France",23.80778731
1990,"United Kingdom",14.92534316
1990,"Greece",15.09887283
1990,"Hungary",NA
1990,"Ireland",25.57843412
1990,"Iceland",21.9685828
1990,"Israel",19.1497361
1990,"Italy",23.13557862
1990,"Japan",36.21605779
1990,"Lithuania",NA
1990,"Luxembourg",36.27197629
1990,"Latvia",NA
1990,"Mexico",21.60246235
1990,"Netherlands",29.43279455
1990,"Norway",30.83464802
1990,"New Zealand",21.33408646
1990,"Poland",NA
1990,"Portugal",21.06347394
1990,"Slovenia",36.73775696
1990,"Sweden",27.14993121
1990,"United States",20.223627
1990,"OECD members",24.68192351
1991,"Australia",24.68338582
1991,"Austria",26.68946096
1991,"Belgium",24.34814133
1991,"Canada",18.70262891
1991,"Switzerland",33.12234084
1991,"Chile",27.0238565
1991,"Colombia",23.76462356
1991,"Costa Rica",13.77440558
1991,"Germany",25.72156496
1991,"Denmark",25.82051265
1991,"Spain",21.81907864
1991,"Estonia",NA
1991,"Finland",22.92292292
1991,"France",23.45574064
1991,"United Kingdom",13.36167006
1991,"Greece",16.13634776
1991,"Hungary",20.09357969
1991,"Ireland",24.21185578
1991,"Iceland",20.51156589
1991,"Israel",21.31121694
1991,"Italy",22.77311612
1991,"Japan",36.68458824
1991,"Lithuania",NA
1991,"Luxembourg",36.79636694
1991,"Latvia",NA
1991,"Mexico",20.08782369
1991,"Netherlands",28.88492313
1991,"Norway",29.90252972
1991,"New Zealand",21.20657654
1991,"Poland",NA
1991,"Portugal",18.37866525
1991,"Slovenia",33.94310029
1991,"Sweden",24.66170073
1991,"United States",19.6459509
1991,"OECD members",24.43764518
1992,"Australia",22.0969571
1992,"Austria",25.66415189
1992,"Belgium",24.89604092
1992,"Canada",17.85294724
1992,"Switzerland",31.54639757
1992,"Chile",25.1733865
1992,"Colombia",19.98001951
1992,"Costa Rica",14.9007891
1992,"Germany",25.1324939
1992,"Denmark",25.82788159
1992,"Spain",20.24010899
1992,"Estonia",NA
1992,"Finland",21.72292595
1992,"France",22.73315427
1992,"United Kingdom",11.79934957
1992,"Greece",14.96273035
1992,"Hungary",16.44450529
1992,"Ireland",24.0137851
1992,"Iceland",19.75501502
1992,"Israel",23.03717967
1992,"Italy",21.99203555
1992,"Japan",35.55573098
1992,"Lithuania",NA
1992,"Luxembourg",37.84914564
1992,"Latvia",NA
1992,"Mexico",18.15622233
1992,"Netherlands",28.54949239
1992,"Norway",28.11658691
1992,"New Zealand",21.84974788
1992,"Poland",NA
1992,"Portugal",17.38783851
1992,"Slovenia",32.49772453
1992,"Sweden",23.13007512
1992,"United States",19.54480197
1992,"OECD members",23.80726396
1993,"Australia",22.89945051
1993,"Austria",24.91729121
1993,"Belgium",25.04447404
1993,"Canada",18.4637441
1993,"Switzerland",31.53915208
1993,"Chile",24.05935449
1993,"Colombia",19.13365224
1993,"Costa Rica",13.75091179
1993,"Germany",24.16202898
1993,"Denmark",24.88682829
1993,"Spain",19.77650649
1993,"Estonia",21.54409142
1993,"Finland",22.74383834
1993,"France",21.20203701
1993,"United Kingdom",11.62935481
1993,"Greece",13.99511695
1993,"Hungary",12.41927539
1993,"Ireland",25.76597898
1993,"Iceland",21.76007683
1993,"Israel",21.64479209
1993,"Italy",22.6176853
1993,"Japan",33.87283354
1993,"Lithuania",NA
1993,"Luxembourg",39.72186587
1993,"Latvia",NA
1993,"Mexico",20.3486053
1993,"Netherlands",28.21314258
1993,"Norway",28.29222786
1993,"New Zealand",25.01211942
1993,"Poland",NA
1993,"Portugal",15.00110842
1993,"Slovenia",28.81677031
1993,"Sweden",21.69459923
1993,"United States",19.44336996
1993,"OECD members",23.60583748
1994,"Australia",24.01498445
1994,"Austria",25.10129828
1994,"Belgium",25.58276935
1994,"Canada",20.73532903
1994,"Switzerland",32.29252745
1994,"Chile",25.41494734
1994,"Colombia",19.61763297
1994,"Costa Rica",14.54276525
1994,"Germany",24.6669786
1994,"Denmark",24.64458732
1994,"Spain",20.58721644
1994,"Estonia",18.3173382
1994,"Finland",24.96745582
1994,"France",21.77738481
1994,"United Kingdom",12.04413778
1994,"Greece",14.68097211
1994,"Hungary",16.35420949
1994,"Ireland",26.13022427
1994,"Iceland",22.82018403
1994,"Israel",21.3563169
1994,"Italy",22.81212043
1994,"Japan",32.52185633
1994,"Lithuania",NA
1994,"Luxembourg",40.48865839
1994,"Latvia",NA
1994,"Mexico",20.78536088
1994,"Netherlands",28.64060464
1994,"Norway",28.87236665
1994,"New Zealand",25.61258278
1994,"Poland",NA
1994,"Portugal",15.92880102
1994,"Slovenia",31.21913311
1994,"Sweden",23.6945092
1994,"United States",20.00991871
1994,"OECD members",23.95305988
1995,"Australia",24.03125164
1995,"Austria",25.71067976
1995,"Belgium",25.64094768
1995,"Canada",22.51494371
1995,"Switzerland",31.85094011
1995,"Chile",27.61370144
1995,"Colombia",19.36899879
1995,"Costa Rica",16.02589408
1995,"Germany",24.83396757
1995,"Denmark",25.35798647
1995,"Spain",21.42098253
1995,"Estonia",19.51752807
1995,"Finland",27.08066711
1995,"France",22.1347478
1995,"United Kingdom",19.2518592
1995,"Greece",13.35453143
1995,"Hungary",23.13838659
1995,"Ireland",30.37335592
1995,"Iceland",21.64134006
1995,"Israel",21.30835182
1995,"Italy",24.23040241
1995,"Japan",32.17644865
1995,"Lithuania",11.83257715
1995,"Luxembourg",39.86154085
1995,"Latvia",11.18631112
1995,"Mexico",23.15901918
1995,"Netherlands",28.88931982
1995,"Norway",30.14386308
1995,"New Zealand",25.52682988
1995,"Poland",22.01477564
1995,"Portugal",17.81836922
1995,"Slovenia",23.01822228
1995,"Sweden",26.45629743
1995,"United States",20.09772834
1995,"OECD members",24.7404036
1996,"Australia",24.33583064
1996,"Austria",25.06478063
1996,"Belgium",24.80275294
1996,"Canada",22.81521782
1996,"Switzerland",30.91135155
1996,"Chile",27.86135637
1996,"Colombia",16.50575488
1996,"Costa Rica",13.71730199
1996,"Germany",24.12115776
1996,"Denmark",25.68734224
1996,"Spain",22.08444286
1996,"Estonia",19.44225089
1996,"Finland",26.2225796
1996,"France",21.35551055
1996,"United Kingdom",19.3555335
1996,"Greece",13.56586997
1996,"Hungary",25.28240506
1996,"Ireland",30.67555999
1996,"Iceland",21.25122387
1996,"Israel",22.1608994
1996,"Italy",24.35375999
1996,"Japan",32.40455215
1996,"Lithuania",11.55948536
1996,"Luxembourg",39.98231856
1996,"Latvia",10.25897241
1996,"Mexico",23.48703032
1996,"Netherlands",29.16565306
1996,"Norway",31.5641261
1996,"New Zealand",24.72675839
1996,"Poland",20.44961805
1996,"Portugal",17.29547624
1996,"Slovenia",23.7659268
1996,"Sweden",25.94133412
1996,"United States",20.50802651
1996,"OECD members",24.50792038
1997,"Australia",25.13001536
1997,"Austria",25.85614593
1997,"Belgium",26.18456369
1997,"Canada",23.27016909
1997,"Switzerland",30.60917485
1997,"Chile",27.51597601
1997,"Colombia",15.00977002
1997,"Costa Rica",15.65935661
1997,"Germany",24.42750536
1997,"Denmark",26.37974743
1997,"Spain",22.82343329
1997,"Estonia",21.61190833
1997,"Finland",28.57065473
1997,"France",22.35130528
1997,"United Kingdom",18.3011417
1997,"Greece",14.43475391
1997,"Hungary",27.24383557
1997,"Ireland",33.68623981
1997,"Iceland",22.23726491
1997,"Israel",23.31162334
1997,"Italy",23.7148655
1997,"Japan",32.09424641
1997,"Lithuania",14.32432228
1997,"Luxembourg",41.69234219
1997,"Latvia",12.04497073
1997,"Mexico",23.26784782
1997,"Netherlands",29.79061841
1997,"Norway",33.11730072
1997,"New Zealand",24.32380862
1997,"Poland",19.91230864
1997,"Portugal",18.52768214
1997,"Slovenia",25.0206988
1997,"Sweden",26.44861497
1997,"United States",21.22090312
1997,"OECD members",24.52696939
1998,"Australia",24.76647885
1998,"Austria",26.31900845
1998,"Belgium",25.98822648
1998,"Canada",23.08006367
1998,"Switzerland",31.18685519
1998,"Chile",25.0696706
1998,"Colombia",13.8338578
1998,"Costa Rica",18.54944031
1998,"Germany",25.22565779
1998,"Denmark",25.67569488
1998,"Spain",23.50371428
1998,"Estonia",21.92053966
1998,"Finland",30.31694497
1998,"France",23.2108085
1998,"United Kingdom",17.7810538
1998,"Greece",14.21864683
1998,"Hungary",27.14583362
1998,"Ireland",35.88223663
1998,"Iceland",21.51675596
1998,"Israel",23.65238785
1998,"Italy",23.25997094
1998,"Japan",31.33526835
1998,"Lithuania",12.78870488
1998,"Luxembourg",41.14980747
1998,"Latvia",13.68493004
1998,"Mexico",23.89939683
1998,"Netherlands",29.68906314
1998,"Norway",30.13853429
1998,"New Zealand",22.14910228
1998,"Poland",20.39279289
1998,"Portugal",19.14911771
1998,"Slovenia",25.51535716
1998,"Sweden",27.02743616
1998,"United States",21.16296732
1998,"OECD members",24.2497453
1999,"Australia",23.7055871
1999,"Austria",26.85240365
1999,"Belgium",26.64514031
1999,"Canada",24.43137679
1999,"Switzerland",30.82528743
1999,"Chile",24.47309263
1999,"Colombia",13.42401236
1999,"Costa Rica",18.65691583
1999,"Germany",24.29887736
1999,"Denmark",26.83732568
1999,"Spain",23.63005299
1999,"Estonia",21.89305797
1999,"Finland",30.88550533
1999,"France",23.4742909
1999,"United Kingdom",17.04925387
1999,"Greece",13.89304392
1999,"Hungary",24.42567359
1999,"Ireland",37.52184423
1999,"Iceland",19.05399975
1999,"Israel",24.01427112
1999,"Italy",22.48195554
1999,"Japan",29.68586166
1999,"Lithuania",11.22327513
1999,"Luxembourg",43.63888052
1999,"Latvia",12.47974172
1999,"Mexico",23.55788927
1999,"Netherlands",29.23528418
1999,"Norway",31.84546252
1999,"New Zealand",23.7333192
1999,"Poland",19.59574899
1999,"Portugal",18.67744039
1999,"Slovenia",24.81256233
1999,"Sweden",26.73028773
1999,"United States",20.72423792
1999,"OECD members",23.75671503
2000,"Australia",24.0957092
2000,"Austria",27.10384646
2000,"Belgium",26.64761655
2000,"Canada",26.35898678
2000,"Switzerland",32.17278042
2000,"Chile",25.28634022
2000,"Colombia",14.05882099
2000,"Costa Rica",20.02241115
2000,"Germany",24.12967328
2000,"Denmark",29.00968724
2000,"Spain",23.72859108
2000,"Estonia",26.03839009
2000,"Finland",32.44174622
2000,"France",23.58792801
2000,"United Kingdom",17.21659375
2000,"Greece",15.02307071
2000,"Hungary",24.3740793
2000,"Ireland",38.33065415
2000,"Iceland",18.05261889
2000,"Israel",25.4522694
2000,"Italy",22.17126218
2000,"Japan",29.78203746
2000,"Lithuania",12.96779482
2000,"Luxembourg",45.43659067
2000,"Latvia",16.7937974
2000,"Mexico",21.95379346
2000,"Netherlands",29.67772468
2000,"Norway",38.73127069
2000,"New Zealand",25.00771869
2000,"Poland",18.23568619
2000,"Portugal",17.732882
2000,"Slovenia",25.35627421
2000,"Sweden",27.24845254
2000,"United States",19.96092656
2000,"OECD members",23.594025
2001,"Australia",23.47901193
2001,"Austria",27.02329247
2001,"Belgium",26.28090351
2001,"Canada",25.39651474
2001,"Switzerland",32.06069207
2001,"Chile",25.64106947
2001,"Colombia",12.90541109
2001,"Costa Rica",20.27987541
2001,"Germany",24.32610805
2001,"Denmark",28.8859394
2001,"Spain",24.22227865
2001,"Estonia",26.60675076
2001,"Finland",32.52542994
2001,"France",23.48262424
2001,"United Kingdom",16.57003756
2001,"Greece",14.60524238
2001,"Hungary",24.94478755
2001,"Ireland",39.02742106
2001,"Iceland",22.0475373
2001,"Israel",22.98807805
2001,"Italy",22.56433499
2001,"Japan",28.34895032
2001,"Lithuania",13.91339904
2001,"Luxembourg",43.84798439
2001,"Latvia",17.71622113
2001,"Mexico",21.38768501
2001,"Netherlands",29.87404258
2001,"Norway",37.36216321
2001,"New Zealand",26.58027224
2001,"Poland",16.87688223
2001,"Portugal",17.94018883
2001,"Slovenia",25.83490133
2001,"Sweden",27.5323489
2001,"United States",18.61642617
2001,"OECD members",22.56483106
2002,"Australia",24.41165662
2002,"Austria",27.77998425
2002,"Belgium",26.32484788
2002,"Canada",24.20969651
2002,"Switzerland",31.55237189
2002,"Chile",26.13897662
2002,"Colombia",13.90004199
2002,"Costa Rica",17.92144545
2002,"Germany",24.20008456
2002,"Denmark",28.10294995
2002,"Spain",24.73204187
2002,"Estonia",26.38576352
2002,"Finland",31.12907572
2002,"France",23.0290692
2002,"United Kingdom",15.99368495
2002,"Greece",14.3899604
2002,"Hungary",23.55725717
2002,"Ireland",39.63249828
2002,"Iceland",21.40878012
2002,"Israel",21.19341315
2002,"Italy",22.80602097
2002,"Japan",27.16262834
2002,"Lithuania",15.39033314
2002,"Luxembourg",42.46210502
2002,"Latvia",18.15569569
2002,"Mexico",20.50266271
2002,"Netherlands",28.42547539
2002,"Norway",33.75096299
2002,"New Zealand",25.78320918
2002,"Poland",14.9944769
2002,"Portugal",17.74279455
2002,"Slovenia",26.70384482
2002,"Sweden",26.84128428
2002,"United States",17.69904735
2002,"OECD members",21.84081247
2003,"Australia",23.84996787
2003,"Austria",26.95822475
2003,"Belgium",26.32217189
2003,"Canada",24.42820915
2003,"Switzerland",31.09035895
2003,"Chile",27.82766491
2003,"Colombia",15.31623492
2003,"Costa Rica",16.98076934
2003,"Germany",23.19777223
2003,"Denmark",27.67098465
2003,"Spain",25.32394482
2003,"Estonia",26.875193
2003,"Finland",29.25636395
2003,"France",22.32566987
2003,"United Kingdom",15.81217705
2003,"Greece",15.99084675
2003,"Hungary",20.6719902
2003,"Ireland",39.47946148
2003,"Iceland",18.33703574
2003,"Israel",22.03044003
2003,"Italy",22.03427074
2003,"Japan",27.2664049
2003,"Lithuania",16.44729385
2003,"Luxembourg",42.02771716
2003,"Latvia",17.89549361
2003,"Mexico",18.85244606
2003,"Netherlands",27.60530665
2003,"Norway",32.45216567
2003,"New Zealand",25.89445129
2003,"Poland",16.17503979
2003,"Portugal",16.71014167
2003,"Slovenia",26.51785748
2003,"Sweden",26.58843136
2003,"United States",17.18963553
2003,"OECD members",21.62980562
2004,"Australia",24.37908595
2004,"Austria",27.29170727
2004,"Belgium",27.56120972
2004,"Canada",25.86417553
2004,"Switzerland",31.63134041
2004,"Chile",30.72536625
2004,"Colombia",17.11907253
2004,"Costa Rica",18.08880034
2004,"Germany",23.9853208
2004,"Denmark",27.28145301
2004,"Spain",24.59982397
2004,"Estonia",27.19609015
2004,"Finland",29.43914931
2004,"France",22.69081144
2004,"United Kingdom",15.46713119
2004,"Greece",16.57284765
2004,"Hungary",23.06317571
2004,"Ireland",40.06889584
2004,"Iceland",19.23289162
2004,"Israel",22.73822164
2004,"Italy",22.22928753
2004,"Japan",27.54638309
2004,"Lithuania",16.41553808
2004,"Luxembourg",43.54716192
2004,"Latvia",18.38395035
2004,"Mexico",20.0649414
2004,"Netherlands",28.46909079
2004,"Norway",35.05787913
2004,"New Zealand",25.56952361
2004,"Poland",17.63182797
2004,"Portugal",15.95383328
2004,"Slovenia",27.58920838
2004,"Sweden",27.86331488
2004,"United States",17.46158447
2004,"OECD members",22.13664481
2005,"Australia",24.74493269
2005,"Austria",26.99543226
2005,"Belgium",27.71767037
2005,"Canada",26.61804916
2005,"Switzerland",32.63639492
2005,"Chile",31.55631065
2005,"Colombia",18.17563129
2005,"Costa Rica",16.67052656
2005,"Germany",23.68872301
2005,"Denmark",27.52273792
2005,"Spain",24.58609967
2005,"Estonia",28.77815602
2005,"Finland",28.95497553
2005,"France",22.41563041
2005,"United Kingdom",15.85738399
2005,"Greece",13.79749577
2005,"Hungary",23.18893509
2005,"Ireland",40.30825023
2005,"Iceland",17.13694087
2005,"Israel",23.34965713
2005,"Italy",21.42754746
2005,"Japan",27.45416285
2005,"Lithuania",17.18640582
2005,"Luxembourg",45.08151749
2005,"Latvia",21.47711951
2005,"Mexico",18.69702642
2005,"Netherlands",29.3072776
2005,"Norway",38.83693692
2005,"New Zealand",23.97122814
2005,"Poland",18.84680552
2005,"Portugal",14.58244446
2005,"Slovenia",28.05397517
2005,"Sweden",27.77115964
2005,"United States",17.70127409
2005,"OECD members",22.17641421
2006,"Australia",25.65254581
2006,"Austria",27.69475195
2006,"Belgium",28.01303392
2006,"Canada",26.33220943
2006,"Switzerland",34.89214973
2006,"Chile",36.20603374
2006,"Colombia",18.75478244
2006,"Costa Rica",17.89915712
2006,"Germany",25.07765294
2006,"Denmark",28.20161995
2006,"Spain",24.86736002
2006,"Estonia",30.02262223
2006,"Finland",28.86712445
2006,"France",22.67160803
2006,"United Kingdom",16.49386769
2006,"Greece",16.73544296
2006,"Hungary",24.78082829
2006,"Ireland",39.95384386
2006,"Iceland",19.34718272
2006,"Israel",23.65954796
2006,"Italy",21.54295226
2006,"Japan",27.3759077
2006,"Lithuania",16.59677243
2006,"Luxembourg",48.60495136
2006,"Latvia",20.03067603
2006,"Mexico",20.83357632
2006,"Netherlands",30.03111786
2006,"Norway",41.34410489
2006,"New Zealand",23.37387503
2006,"Poland",19.57144521
2006,"Portugal",15.09342909
2006,"Slovenia",30.52632033
2006,"Sweden",29.31990041
2006,"United States",17.84502326
2006,"OECD members",22.56887835
2007,"Australia",25.86097814
2007,"Austria",29.40913058
2007,"Belgium",28.73843668
2007,"Canada",26.02132272
2007,"Switzerland",36.56258576
2007,"Chile",35.63070175
2007,"Colombia",19.22166784
2007,"Costa Rica",17.99444744
2007,"Germany",27.17711292
2007,"Denmark",27.97867041
2007,"Spain",24.6782257
2007,"Estonia",31.69317973
2007,"Finland",30.65984529
2007,"France",23.13361281
2007,"United Kingdom",16.70373039
2007,"Greece",15.64140841
2007,"Hungary",24.96308159
2007,"Ireland",37.96289963
2007,"Iceland",20.58415592
2007,"Israel",23.30829652
2007,"Italy",22.28213412
2007,"Japan",27.53039831
2007,"Lithuania",19.34502521
2007,"Luxembourg",51.18171629
2007,"Latvia",23.55785004
2007,"Mexico",20.72914274
2007,"Netherlands",30.85046766
2007,"Norway",41.04794816
2007,"New Zealand",24.89647673
2007,"Poland",21.61547968
2007,"Portugal",15.5421378
2007,"Slovenia",31.96392388
2007,"Sweden",29.97786031
2007,"United States",17.47313915
2007,"OECD members",22.86456608
2008,"Australia",26.0541238
2008,"Austria",29.0106303
2008,"Belgium",26.60956249
2008,"Canada",25.81923188
2008,"Switzerland",36.89266362
2008,"Chile",30.54543781
2008,"Colombia",20.7724623
2008,"Costa Rica",15.82214868
2008,"Germany",26.68264033
2008,"Denmark",27.50724998
2008,"Spain",23.74653012
2008,"Estonia",28.25042443
2008,"Finland",29.11512306
2008,"France",22.68543056
2008,"United Kingdom",15.90756777
2008,"Greece",13.31031954
2008,"Hungary",25.10136535
2008,"Ireland",32.96600151
2008,"Iceland",23.93413256
2008,"Israel",22.43253195
2008,"Italy",21.31004403
2008,"Japan",26.21117123
2008,"Lithuania",16.64789652
2008,"Luxembourg",51.35568228
2008,"Latvia",23.67655793
2008,"Mexico",19.46606341
2008,"Netherlands",31.26520999
2008,"Norway",43.43399558
2008,"New Zealand",22.47605672
2008,"Poland",19.51900894
2008,"Portugal",14.0259084
2008,"Slovenia",31.0300229
2008,"Sweden",29.17943364
2008,"United States",16.02140223
2008,"OECD members",22.04676599
2009,"Australia",27.64544675
2009,"Austria",26.10152375
2009,"Belgium",24.08015416
2009,"Canada",20.46248602
2009,"Switzerland",34.58534297
2009,"Chile",30.46524655
2009,"Colombia",19.68044596
2009,"Costa Rica",17.95820592
2009,"Germany",22.80419421
2009,"Denmark",23.63557113
2009,"Spain",22.48604367
2009,"Estonia",26.12252629
2009,"Finland",23.78848323
2009,"France",20.28054278
2009,"United Kingdom",13.72460779
2009,"Greece",10.00047336
2009,"Hungary",24.50725801
2009,"Ireland",32.68378096
2009,"Iceland",23.36795388
2009,"Israel",23.28980649
2009,"Italy",19.11522001
2009,"Japan",23.05214144
2009,"Lithuania",11.22465689
2009,"Luxembourg",48.50036528
2009,"Latvia",21.17130665
2009,"Mexico",19.49732938
2009,"Netherlands",28.67069836
2009,"Norway",36.45155658
2009,"New Zealand",22.05736283
2009,"Poland",19.79741852
2009,"Portugal",13.93729939
2009,"Slovenia",25.18896481
2009,"Sweden",25.41876106
2009,"United States",14.87366373
2009,"OECD members",19.93674338
2010,"Australia",25.85557861
2010,"Austria",26.08370241
2010,"Belgium",23.88829057
2010,"Canada",21.52617635
2010,"Switzerland",35.50569194
2010,"Chile",30.86577616
2010,"Colombia",20.30584862
2010,"Costa Rica",17.98065153
2010,"Germany",24.65956438
2010,"Denmark",24.61598635
2010,"Spain",21.36109809
2010,"Estonia",28.00779771
2010,"Finland",24.09445806
2010,"France",20.40329044
2010,"United Kingdom",14.6169259
2010,"Greece",10.75090697
2010,"Hungary",25.93401449
2010,"Ireland",33.87198361
2010,"Iceland",23.75520117
2010,"Israel",23.15913887
2010,"Italy",18.97216265
2010,"Japan",23.92883833
2010,"Lithuania",15.82832052
2010,"Luxembourg",49.83103087
2010,"Latvia",18.79990226
2010,"Mexico",18.18308951
2010,"Netherlands",28.53012805
2010,"Norway",37.049672
2010,"New Zealand",22.47100943
2010,"Poland",18.41723026
2010,"Portugal",13.56538273
2010,"Slovenia",23.63521531
2010,"Sweden",27.08299604
2010,"United States",15.13503481
2010,"OECD members",20.45091895
2011,"Australia",27.48768292
2011,"Austria",26.92581486
2011,"Belgium",24.25676985
2011,"Canada",22.95138335
2011,"Switzerland",35.83599287
2011,"Chile",29.54421445
2011,"Colombia",22.07817803
2011,"Costa Rica",16.35397484
2011,"Germany",26.14543946
2011,"Denmark",25.1418152
2011,"Spain",20.97858125
2011,"Estonia",31.26132902
2011,"Finland",23.74187347
2011,"France",20.97170446
2011,"United Kingdom",15.1393308
2011,"Greece",8.3936611
2011,"Hungary",26.51616244
2011,"Ireland",35.4272203
2011,"Iceland",23.26553331
2011,"Israel",23.11255405
2011,"Italy",19.33112147
2011,"Japan",22.89453248
2011,"Lithuania",19.66032989
2011,"Luxembourg",49.5325907
2011,"Latvia",20.64328779
2011,"Mexico",18.76925714
2011,"Netherlands",28.50492292
2011,"Norway",39.16981532
2011,"New Zealand",22.10909262
2011,"Poland",20.05773897
2011,"Portugal",14.47683042
2011,"Slovenia",23.10254144
2011,"Sweden",27.67335117
2011,"United States",15.3179811
2011,"OECD members",20.90743254
2012,"Australia",27.53825118
2012,"Austria",26.81016273
2012,"Belgium",23.30287891
2012,"Canada",22.92183964
2012,"Switzerland",35.76111465
2012,"Chile",28.32638758
2012,"Colombia",20.89190361
2012,"Costa Rica",16.10829088
2012,"Germany",25.54124797
2012,"Denmark",25.02637625
2012,"Spain",20.63990641
2012,"Estonia",30.72061413
2012,"Finland",22.00540978
2012,"France",20.88196511
2012,"United Kingdom",15.07135084
2012,"Greece",7.798004406
2012,"Hungary",26.27087609
2012,"Ireland",36.99439634
2012,"Iceland",21.78248989
2012,"Israel",23.61116239
2012,"Italy",19.05568534
2012,"Japan",22.36354805
2012,"Lithuania",20.88361911
2012,"Luxembourg",49.38904796
2012,"Latvia",23.09119941
2012,"Mexico",19.38832533
2012,"Netherlands",28.34061547
2012,"Norway",39.9477118
2012,"New Zealand",21.81531445
2012,"Poland",20.01785184
2012,"Portugal",15.25956553
2012,"Slovenia",22.29518307
2012,"Sweden",26.36135956
2012,"United States",16.55698269
2012,"OECD members",21.06569539
2013,"Australia",26.55400382
2013,"Austria",26.55538098
2013,"Belgium",22.95814947
2013,"Canada",23.33480002
2013,"Switzerland",35.59765278
2013,"Chile",26.52859803
2013,"Colombia",20.3687755
2013,"Costa Rica",16.7073483
2013,"Germany",25.58368907
2013,"Denmark",25.58151971
2013,"Spain",21.25448008
2013,"Estonia",29.51786679
2013,"Finland",21.35166612
2013,"France",20.88377877
2013,"United Kingdom",15.13994075
2013,"Greece",9.812579644
2013,"Hungary",28.09538499
2013,"Ireland",39.05009599
2013,"Iceland",23.17562134
2013,"Israel",23.9445433
2013,"Italy",19.32692256
2013,"Japan",22.00716885
2013,"Lithuania",21.87552645
2013,"Luxembourg",50.37852823
2013,"Latvia",20.77301379
2013,"Mexico",17.53938847
2013,"Netherlands",28.4512303
2013,"Norway",39.0774463
2013,"New Zealand",23.74686959
2013,"Poland",20.24511408
2013,"Portugal",15.78092491
2013,"Slovenia",24.53333009
2013,"Sweden",25.7302114
2013,"United States",17.54493583
2013,"OECD members",21.35861666
2014,"Australia",26.41838817
2014,"Austria",27.07220232
2014,"Belgium",23.47972618
2014,"Canada",23.93712558
2014,"Switzerland",36.01431276
2014,"Chile",25.53127123
2014,"Colombia",19.78534624
2014,"Costa Rica",16.7577418
2014,"Germany",26.69566557
2014,"Denmark",26.6041494
2014,"Spain",21.18756551
2014,"Estonia",30.16262733
2014,"Finland",20.97835855
2014,"France",21.12082969
2014,"United Kingdom",15.77534451
2014,"Greece",10.73334764
2014,"Hungary",29.90784524
2014,"Ireland",42.34558391
2014,"Iceland",23.5962616
2014,"Israel",24.23366839
2014,"Italy",19.86695526
2014,"Japan",22.44223812
2014,"Lithuania",22.23078638
2014,"Luxembourg",51.22991647
2014,"Latvia",21.76789413
2014,"Mexico",17.43769989
2014,"Netherlands",28.75526615
2014,"Norway",37.52792734
2014,"New Zealand",23.80232304
2014,"Poland",21.23460327
2014,"Portugal",15.49391604
2014,"Slovenia",26.57845316
2014,"Sweden",25.9574744
2014,"United States",18.01105262
2014,"OECD members",21.76255057
2015,"Australia",24.74194432
2015,"Austria",27.65581501
2015,"Belgium",24.00916402
2015,"Canada",21.31320581
2015,"Switzerland",35.59429257
2015,"Chile",24.63248645
2015,"Colombia",16.7133512
2015,"Costa Rica",18.09148023
2015,"Germany",26.8793285
2015,"Denmark",27.04182063
2015,"Spain",22.38876951
2015,"Estonia",28.50371129
2015,"Finland",21.24248306
2015,"France",21.59884412
2015,"United Kingdom",16.35773625
2015,"Greece",11.10936318
2015,"Hungary",31.24476605
2015,"Ireland",56.0250949
2015,"Iceland",26.88886367
2015,"Israel",25.03998693
2015,"Italy",20.13385378
2015,"Japan",24.6114592
2015,"Lithuania",21.56841347
2015,"Luxembourg",51.49740765
2015,"Latvia",22.96084743
2015,"Mexico",18.94949973
2015,"Netherlands",29.82786856
2015,"Norway",33.63733047
2015,"New Zealand",24.16120785
2015,"Poland",22.86954206
2015,"Portugal",16.67864606
2015,"Slovenia",27.57859682
2015,"Sweden",27.04829804
2015,"United States",18.54927289
2015,"OECD members",22.18891238
2016,"Australia",23.03159271
2016,"Austria",28.19032737
2016,"Belgium",24.3601434
2016,"Canada",20.46764975
2016,"Switzerland",35.63145588
2016,"Chile",23.49724542
2016,"Colombia",16.39904513
2016,"Costa Rica",19.2306554
2016,"Germany",26.99791309
2016,"Denmark",27.71583965
2016,"Spain",23.02650033
2016,"Estonia",28.23704798
2016,"Finland",22.23932282
2016,"France",21.25152432
2016,"United Kingdom",16.03900293
2016,"Greece",11.1691956
2016,"Hungary",29.95411121
2016,"Ireland",54.51712179
2016,"Iceland",27.71893916
2016,"Israel",24.70145247
2016,"Italy",20.87720921
2016,"Japan",25.6412522
2016,"Lithuania",21.01604
2016,"Luxembourg",51.69177137
2016,"Latvia",22.28227296
2016,"Mexico",19.49574414
2016,"Netherlands",30.62991634
2016,"Norway",30.48585783
2016,"New Zealand",23.90209208
2016,"Poland",23.03425583
2016,"Portugal",17.21619382
2016,"Slovenia",27.48263415
2016,"Sweden",26.88383031
2016,"United States",18.21167692
2016,"OECD members",22.16501606
2017,"Australia",24.48592016
2017,"Austria",28.10519753
2017,"Belgium",24.316565
2017,"Canada",21.32043626
2017,"Switzerland",35.11948732
2017,"Chile",23.27326466
2017,"Colombia",16.6070414
2017,"Costa Rica",18.51828679
2017,"Germany",27.59860827
2017,"Denmark",28.43306271
2017,"Spain",23.1990113
2017,"Estonia",29.91370046
2017,"Finland",24.56053688
2017,"France",21.40921913
2017,"United Kingdom",17.142237
2017,"Greece",10.56433589
2017,"Hungary",29.71386176
2017,"Ireland",57.35650327
2017,"Iceland",26.22697195
2017,"Israel",24.84075135
2017,"Italy",20.86619436
2017,"Japan",25.97450969
2017,"Lithuania",22.77440392
2017,"Luxembourg",50.59073265
2017,"Latvia",22.27793936
2017,"Mexico",20.54863194
2017,"Netherlands",30.92822773
2017,"Norway",31.90861072
2017,"New Zealand",24.62369808
2017,"Poland",22.7273046
2017,"Portugal",18.52385149
2017,"Slovenia",29.31216161
2017,"Sweden",26.9424625
2017,"United States",18.38539286
2017,"OECD members",22.5825233
2018,"Australia",24.69836513
2018,"Austria",28.93227722
2018,"Belgium",24.23999732
2018,"Canada",21.43163219
2018,"Switzerland",36.26232111
2018,"Chile",23.08411727
2018,"Colombia",16.46016212
2018,"Costa Rica",18.9015401
2018,"Germany",27.45765972
2018,"Denmark",27.68506714
2018,"Spain",23.4463934
2018,"Estonia",30.16616467
2018,"Finland",24.82999504
2018,"France",21.6452769
2018,"United Kingdom",16.79902096
2018,"Greece",10.9768419
2018,"Hungary",31.05931517
2018,"Ireland",58.09292577
2018,"Iceland",25.5660301
2018,"Israel",24.75111901
2018,"Italy",21.01289702
2018,"Japan",25.66165574
2018,"Lithuania",24.26354655
2018,"Luxembourg",49.62345872
2018,"Latvia",23.3798296
2018,"Mexico",21.35269227
2018,"Netherlands",31.03421558
2018,"Norway",34.16575774
2018,"New Zealand",23.90184634
2018,"Poland",23.46656969
2018,"Portugal",19.14418715
2018,"Slovenia",30.08462261
2018,"Sweden",26.96067896
2018,"United States",18.69793531
2018,"OECD members",22.76792227
2019,"Australia",25.52309098
2019,"Austria",29.23701432
2019,"Belgium",25.14505838
2019,"Canada",21.58194957
2019,"Switzerland",36.24096822
2019,"Chile",23.07659084
2019,"Colombia",15.55815287
2019,"Costa Rica",18.9541983
2019,"Germany",26.93893428
2019,"Denmark",27.89574776
2019,"Spain",23.89372343
2019,"Estonia",30.04224878
2019,"Finland",25.17042739
2019,"France",22.37519852
2019,"United Kingdom",16.98309833
2019,"Greece",10.63014302
2019,"Hungary",30.7010752
2019,"Ireland",59.18358565
2019,"Iceland",25.23739196
2019,"Israel",25.5139574
2019,"Italy",21.56969465
2019,"Japan",25.50031295
2019,"Lithuania",24.8428362
2019,"Luxembourg",49.16787478
2019,"Latvia",23.12053563
2019,"Mexico",21.77001962
2019,"Netherlands",31.72324279
2019,"Norway",31.99750232
2019,"New Zealand",23.91704713
2019,"Poland",24.35243259
2019,"Portugal",19.30352896
2019,"Slovenia",29.50436508
2019,"Sweden",28.42090394
2019,"United States",18.98972339
2019,"OECD members",22.82721827
2020,"Australia",25.81670042
2020,"Austria",29.10035844
2020,"Belgium",25.51218769
2020,"Canada",20.47510365
2020,"Switzerland",35.98388616
2020,"Chile",25.53612402
2020,"Colombia",12.11712709
2020,"Costa Rica",19.83616373
2020,"Germany",27.01184478
2020,"Denmark",28.40308026
2020,"Spain",22.14256996
2020,"Estonia",28.5703343
2020,"Finland",25.33811081
2020,"France",21.07997313
2020,"United Kingdom",18.13960255
2020,"Greece",6.148074868
2020,"Hungary",29.16671156
2020,"Ireland",62.65367553
2020,"Iceland",19.97060675
2020,"Israel",28.17837382
2020,"Italy",21.4109133
2020,"Japan",24.97757537
2020,"Lithuania",25.59262823
2020,"Luxembourg",51.31444732
2020,"Latvia",23.5907124
2020,"Mexico",21.64843564
2020,"Netherlands",31.60179947
2020,"Norway",30.41884113
2020,"New Zealand",22.40908315
2020,"Poland",24.44808497
2020,"Portugal",17.42196873
2020,"Slovenia",29.18426334
2020,"Sweden",28.59928882
2020,"United States",18.48635192
2020,"OECD members",22.59156908
2021,"Australia",26.74815972
2021,"Austria",28.53656476
2021,"Belgium",26.31138256
2021,"Canada",24.33985149
2021,"Switzerland",38.42357691
2021,"Chile",23.17732775
2021,"Colombia",11.25181741
2021,"Costa Rica",20.15285664
2021,"Germany",27.61993875
2021,"Denmark",29.83880628
2021,"Spain",22.86361348
2021,"Estonia",29.85537687
2021,"Finland",24.84242093
2021,"France",22.23510181
2021,"United Kingdom",17.8029229
2021,"Greece",9.991127977
2021,"Hungary",30.83262402
2021,"Ireland",64.73046543
2021,"Iceland",21.22031447
2021,"Israel",28.81795076
2021,"Italy",24.04237291
2021,"Japan",25.19851733
2021,"Lithuania",26.28815782
2021,"Luxembourg",52.14373903
2021,"Latvia",22.5524155
2021,"Mexico",20.26952728
2021,"Netherlands",31.93898267
2021,"Norway",39.93794073
2021,"New Zealand",21.28515736
2021,"Poland",25.01234258
2021,"Portugal",18.15807658
2021,"Slovenia",27.72730937
2021,"Sweden",29.57777999
2021,"United States",17.70157819
2021,"OECD members",22.87382485
2022,"Australia",29.00959478
2022,"Austria",28.50281539
2022,"Belgium",25.476059
2022,"Canada",25.51899218
2022,"Switzerland",38.23906126
2022,"Chile",21.63081244
2022,"Colombia",12.13485455
2022,"Costa Rica",20.28019334
2022,"Germany",25.5179635
2022,"Denmark",34.24770657
2022,"Spain",23.5377238
2022,"Estonia",28.50738575
2022,"Finland",25.21944657
2022,"France",21.40631949
2022,"United Kingdom",16.19199122
2022,"Greece",10.34462982
2022,"Hungary",29.53395047
2022,"Ireland",64.76218738
2022,"Iceland",24.24194778
2022,"Israel",29.84835915
2022,"Italy",22.93717113
2022,"Japan",22.82733508
2022,"Lithuania",25.98339254
2022,"Luxembourg",51.78851269
2022,"Latvia",19.33287864
2022,"Mexico",18.12932447
2022,"Netherlands",31.64305407
2022,"Norway",50.00895205
2022,"New Zealand",20.73474087
2022,"Poland",23.7431672
2022,"Portugal",18.97273497
2022,"Slovenia",26.1647616
2022,"Sweden",28.83135833
2022,"United States",18.26254293
2022,"OECD members",22.48517726
2023,"Australia",28.34735403
2023,"Austria",27.29791263
2023,"Belgium",24.73010324
2023,"Canada",23.5815002
2023,"Switzerland",37.01331014
2023,"Chile",24.26017038
2023,"Colombia",8.783128071
2023,"Costa Rica",20.61585871
2023,"Germany",25.67813071
2023,"Denmark",30.97723618
2023,"Spain",24.93139001
2023,"Estonia",25.85581245
2023,"Finland",22.52414752
2023,"France",21.15387082
2023,"United Kingdom",16.60699206
2023,"Greece",11.99145995
2023,"Hungary",30.4578439
2023,"Ireland",59.61057857
2023,"Iceland",25.35876981
2023,"Israel",29.79275072
2023,"Italy",23.97433103
2023,"Japan",24.63085377
2023,"Lithuania",25.83797871
2023,"Luxembourg",48.79076589
2023,"Latvia",20.25471225
2023,"Mexico",18.60633846
2023,"Netherlands",31.12844804
2023,"Norway",40.60702233
2023,"New Zealand",20.6942148
2023,"Poland",23.28115216
2023,"Portugal",21.4415458
2023,"Slovenia",28.62983468
2023,"Sweden",28.97597287
2023,"United States",18.66469577
2023,"OECD members",22.43525888
